<?xml version="1.0" encoding="utf-8" ?>
<dwsync>
<file name="ajax.html" server="vidhsys.com" local="131750835980000000" remote="131803270200000000" Dst="0" />
<file name="api.html" server="vidhsys.com" local="131750835980000000" remote="131803270200000000" Dst="0" />
<file name="appendto.html" server="vidhsys.com" local="131750835980000000" remote="131803270200000000" Dst="0" />
<file name="datafiltering.html" server="vidhsys.com" local="131750835980000000" remote="131803270800000000" Dst="0" />
<file name="divreplace.html" server="vidhsys.com" local="131750835980000000" remote="131803270800000000" Dst="0" />
<file name="index.html" server="vidhsys.com" local="131750835980000000" remote="131803270800000000" Dst="0" />
<file name="inlineall.html" server="vidhsys.com" local="131750835980000000" remote="131803270800000000" Dst="0" />
<file name="inlinebycode.html" server="vidhsys.com" local="131750835980000000" remote="131803270800000000" Dst="0" />
<file name="jquery.html" server="vidhsys.com" local="131750835980000000" remote="131803270800000000" Dst="0" />
<file name="inlinetextarea.html" server="vidhsys.com" local="131750835980000000" remote="131803270800000000" Dst="0" />
<file name="replacebycode.html" server="vidhsys.com" local="131750835980000000" remote="131803270800000000" Dst="0" />
<file name="readonly.html" server="vidhsys.com" local="131750835980000000" remote="131803270800000000" Dst="0" />
<file name="replacebyclass.html" server="vidhsys.com" local="131750835980000000" remote="131803270800000000" Dst="0" />
<file name="sample.css" server="vidhsys.com" local="131750835980000000" remote="131803270800000000" Dst="0" />
<file name="sample.js" server="vidhsys.com" local="131750835980000000" remote="131803270800000000" Dst="0" />
<file name="sample_posteddata.php" server="vidhsys.com" local="131750835980000000" remote="131803270800000000" Dst="0" />
<file name="tabindex.html" server="vidhsys.com" local="131750835980000000" remote="131803270800000000" Dst="0" />
<file name="uicolor.html" server="vidhsys.com" local="131750835980000000" remote="131803270800000000" Dst="0" />
<file name="uilanguages.html" server="vidhsys.com" local="131750835980000000" remote="131803270800000000" Dst="0" />
<file name="xhtmlstyle.html" server="vidhsys.com" local="131750835980000000" remote="131803271400000000" Dst="0" />
</dwsync>