<?xml version="1.0" encoding="utf-8" ?>
<dwsync>
<file name="build-config.js" server="vidhsys.com" local="131750835980000000" remote="131803265400000000" Dst="0" />
<file name="config.js" server="vidhsys.com" local="131802734800014746" remote="131803265400000000" Dst="0" />
<file name="CHANGES.md" server="vidhsys.com" local="131750835980000000" remote="131803265400000000" Dst="0" />
<file name="contents.css" server="vidhsys.com" local="131750835980000000" remote="131803265400000000" Dst="0" />
<file name="ckeditor.js" server="vidhsys.com" local="131750835980000000" remote="131803265400000000" Dst="0" />
<file name="LICENSE.md" server="vidhsys.com" local="131750835980000000" remote="131803266000000000" Dst="0" />
<file name="README.md" server="vidhsys.com" local="131750835980000000" remote="131803270200000000" Dst="0" />
<file name="styles.js" server="vidhsys.com" local="131750835980000000" remote="131803272000000000" Dst="0" />
</dwsync>