<?xml version="1.0" encoding="utf-8" ?>
<dwsync>
<file name="dialog.css" server="vidhsys.com" local="131750835980000000" remote="131803271400000000" Dst="0" />
<file name="dialog_ie.css" server="vidhsys.com" local="131750835980000000" remote="131803271400000000" Dst="0" />
<file name="dialog_ie8.css" server="vidhsys.com" local="131750835980000000" remote="131803271400000000" Dst="0" />
<file name="dialog_iequirks.css" server="vidhsys.com" local="131750835980000000" remote="131803271400000000" Dst="0" />
<file name="editor.css" server="vidhsys.com" local="131750835980000000" remote="131803271400000000" Dst="0" />
<file name="editor_gecko.css" server="vidhsys.com" local="131750835980000000" remote="131803271400000000" Dst="0" />
<file name="editor_ie.css" server="vidhsys.com" local="131750835980000000" remote="131803271400000000" Dst="0" />
<file name="editor_ie8.css" server="vidhsys.com" local="131750835980000000" remote="131803271400000000" Dst="0" />
<file name="editor_iequirks.css" server="vidhsys.com" local="131750835980000000" remote="131803271400000000" Dst="0" />
<file name="icons.png" server="vidhsys.com" local="131750835980000000" remote="131803271400000000" Dst="0" />
<file name="icons_hidpi.png" server="vidhsys.com" local="131750835980000000" remote="131803272000000000" Dst="0" />
<file name="readme.md" server="vidhsys.com" local="131750835980000000" remote="131803272000000000" Dst="0" />
</dwsync>